,Total_Hourly_Consumption,max_temp,mean_temp,min_temp,global_radiation,sunshine,precipitation
Total_Hourly_Consumption,1.0,-0.352445885167966,-0.33042773208543863,-0.30743984428956095,-0.49201409813539637,-0.22971364465833458,-0.24908905756103283
max_temp,-0.352445885167966,1.0,0.9439685373246812,0.8944578173443366,0.8313630111764166,0.9003544286093115,0.004569576648885153
mean_temp,-0.33042773208543863,0.9439685373246812,1.0,0.9871532162493338,0.7551898775235848,0.8491611432499542,0.10415839567177124
min_temp,-0.30743984428956095,0.8944578173443366,0.9871532162493338,1.0,0.6493475286707892,0.7687558978082031,0.20818616654525807
global_radiation,-0.49201409813539637,0.8313630111764166,0.7551898775235848,0.6493475286707892,1.0,0.9066918420683229,-0.29983460496915143
sunshine,-0.22971364465833458,0.9003544286093115,0.8491611432499542,0.7687558978082031,0.9066918420683229,1.0,-0.10324766992534005
precipitation,-0.24908905756103283,0.004569576648885153,0.10415839567177124,0.20818616654525807,-0.29983460496915143,-0.10324766992534005,1.0
